raw time,,adjusted time,, trigger
1738540681,,0,,0
1738540681,,0,,0
1738540681.463,,0.001000166,,0
1738540681.468,,0.006000042,,0
1738540681.472,,0.00999999,,0
1738540681.475,,0.013000011,,0
1738540681.479,,0.017000198,,0
1738540681.486,,0.024000168,,0
1738540681.492,,0.03000021,,0
1738540681.501,,0.039000034,,0
1738540681.507,,0.045000076,,0
1738540681.539,,0.077000141,,0
1738540681.544,,0.082000017,,0
1738540681.550,,0.088000059,,0
1738540681.557,,0.095000029,,0
1738540681.564,,0.101999998,,0
1738540681.571,,0.109000206,,0
1738540681.578,,0.116000175,,0
1738540681.584,,0.122000217,,0
1738540681.591,,0.129000187,,0
1738540681.599,,0.137000084,,0
1738540681.606,,0.144000053,,0
1738540681.613,,0.151000023,,0
1738540681.620,,0.157999992,,0
1738540681.627,,0.1650002,,0
1738540681.634,,0.17200017,,0
1738540681.641,,0.179000139,,0
1738540681.648,,0.186000109,,0
1738540681.655,,0.193000078,,0
1738540681.662,,0.200000048,,0
1738540681.669,,0.207000017,,0
1738540681.676,,0.214000225,,0
1738540681.683,,0.221000195,,0
1738540681.689,,0.226999998,,0
1738540681.696,,0.234000206,,0
1738540681.703,,0.241000175,,0
1738540681.710,,0.248000145,,0
1738540681.717,,0.255000114,,0
1738540681.724,,0.262000084,,0
1738540681.731,,0.269000053,,0
1738540681.738,,0.276000023,,0
1738540681.745,,0.282999992,,0
1738540681.752,,0.2900002,,0
1738540681.758,,0.296000004,,0
1738540681.766,,0.304000139,,0
1738540681.772,,0.310000181,,0
1738540681.779,,0.317000151,,0
1738540681.786,,0.32400012,,0
1738540681.793,,0.33100009,,0
1738540681.800,,0.338000059,,0
1738540681.808,,0.346000195,,0
1738540681.815,,0.353000164,,0
1738540681.822,,0.360000134,,0
1738540681.829,,0.367000103,,0
1738540681.836,,0.374000072,,0
1738540681.843,,0.381000042,,0
1738540681.850,,0.388000011,,0
1738540681.856,,0.394000053,,0
1738540681.862,,0.400000095,,0
1738540681.870,,0.407999992,,0
1738540681.877,,0.4150002,,0
1738540681.884,,0.42200017,,0
1738540681.891,,0.429000139,,0
1738540681.898,,0.436000109,,0
1738540681.905,,0.443000078,,0
1738540681.912,,0.450000048,,0
1738540681.918,,0.45600009,,0
1738540681.925,,0.463000059,,0
1738540681.932,,0.470000029,,0
1738540681.939,,0.476999998,,0
1738540681.947,,0.485000134,,0
1738540681.953,,0.491000175,,0
1738540681.961,,0.499000072,,0
1738540681.967,,0.505000114,,0
1738540681.974,,0.512000084,,0
1738540681.981,,0.519000053,,0
1738540681.988,,0.526000023,,0
1738540681.995,,0.532999992,,0
1738540682.002,,0.5400002,,0
1738540682.010,,0.548000097,,0
1738540682.017,,0.555000067,,0
1738540682.023,,0.561000109,,0
1738540682.030,,0.568000078,,0
1738540682.037,,0.575000048,,0
1738540682.044,,0.582000017,,0
1738540682.051,,0.589000225,,0
1738540682.058,,0.596000195,,0
1738540682.065,,0.603000164,,0
1738540682.072,,0.610000134,,0
1738540682.079,,0.617000103,,0
1738540682.085,,0.623000145,,0
1738540682.092,,0.630000114,,0
1738540682.100,,0.638000011,,0
1738540682.106,,0.644000053,,0
1738540682.114,,0.652000189,,0
1738540682.121,,0.659000158,,0
1738540682.128,,0.666000128,,0
1738540682.134,,0.67200017,,0
1738540682.141,,0.679000139,,0
1738540682.149,,0.687000036,,0
1738540682.155,,0.693000078,,0
1738540682.162,,0.700000048,,0
1738540682.169,,0.707000017,,0
1738540682.176,,0.714000225,,0
1738540682.182,,0.720000029,,0
1738540682.190,,0.728000164,,0
1738540682.197,,0.735000134,,0
1738540682.204,,0.742000103,,0
1738540682.211,,0.749000072,,0
1738540682.218,,0.756000042,,0
1738540682.225,,0.763000011,,0
1738540682.232,,0.770000219,,0
1738540682.238,,0.776000023,,0
1738540682.246,,0.784000158,,0
1738540682.253,,0.791000128,,0
1738540682.260,,0.798000097,,0
1738540682.267,,0.805000067,,0
1738540682.274,,0.812000036,,0
1738540682.281,,0.819000006,,0
1738540682.287,,0.825000048,,0.054902
1738540682.294,,0.832000017,,0.054902
1738540682.301,,0.839000225,,0.082353
1738540682.308,,0.846000195,,0.113725
1738540682.315,,0.853000164,,0.113725
1738540682.322,,0.860000134,,0.152941
1738540682.329,,0.867000103,,0.184314
1738540682.336,,0.874000072,,0.184314
1738540682.342,,0.880000114,,0.227451
1738540682.349,,0.887000084,,0.25098
1738540682.357,,0.895000219,,0.25098
1738540682.364,,0.902000189,,0.278431
1738540682.371,,0.909000158,,0.317647
1738540682.378,,0.916000128,,0.368627
1738540682.384,,0.92200017,,0.368627
1738540682.391,,0.929000139,,0.423529
1738540682.399,,0.937000036,,0.470588
1738540682.406,,0.944000006,,0.470588
1738540682.413,,0.951000214,,0.513726
1738540682.419,,0.957000017,,0.54902
1738540682.427,,0.965000153,,0.54902
1738540682.434,,0.972000122,,0.588235
1738540682.440,,0.978000164,,0.631373
1738540682.447,,0.985000134,,0.67451
1738540682.454,,0.992000103,,0.67451
1738540682.461,,0.999000072,,0.721569
1738540682.468,,1.006000042,,0.772549
1738540682.475,,1.013000011,,0.772549
1738540682.482,,1.020000219,,0.835294
1738540682.489,,1.027000189,,0.901961
1738540682.496,,1.034000158,,0.901961
1738540682.503,,1.041000128,,0.956863
1738540682.510,,1.048000097,,1
1738540682.516,,1.054000139,,1
1738540682.523,,1.061000109,,1
1738540682.530,,1.068000078,,1
1738540682.537,,1.075000048,,1
1738540682.544,,1.082000017,,1
1738540682.551,,1.089000225,,1
1738540682.558,,1.096000195,,1
1738540682.566,,1.104000092,,1
1738540682.573,,1.111000061,,1
1738540682.580,,1.118000031,,1
1738540682.587,,1.125,,1
1738540682.593,,1.131000042,,1
1738540682.600,,1.138000011,,1
1738540682.607,,1.145000219,,1
1738540682.614,,1.152000189,,1
1738540682.621,,1.159000158,,1
1738540682.628,,1.166000128,,1
1738540682.634,,1.17200017,,1
1738540682.641,,1.179000139,,1
1738540682.648,,1.186000109,,1
1738540682.655,,1.193000078,,1
1738540682.662,,1.200000048,,1
1738540682.669,,1.207000017,,1
1738540682.676,,1.214000225,,1
1738540682.683,,1.221000195,,1
1738540682.691,,1.229000092,,1
1738540682.697,,1.235000134,,1
1738540682.705,,1.243000031,,1
1738540682.712,,1.25,,1
1738540682.718,,1.256000042,,1
1738540682.725,,1.263000011,,1
1738540682.732,,1.270000219,,1
1738540682.739,,1.277000189,,1
1738540682.746,,1.284000158,,1
1738540682.753,,1.291000128,,1
1738540682.760,,1.298000097,,1
1738540682.767,,1.305000067,,1
1738540682.774,,1.312000036,,1
1738540682.781,,1.319000006,,1
1738540682.787,,1.325000048,,1
1738540682.794,,1.332000017,,1
1738540682.801,,1.339000225,,1
1738540682.808,,1.346000195,,1
1738540682.816,,1.354000092,,1
1738540682.822,,1.360000134,,1
1738540682.829,,1.367000103,,1
1738540682.837,,1.375,,1
1738540682.844,,1.382000208,,1
1738540682.851,,1.389000177,,1
1738540682.857,,1.395000219,,1
1738540682.865,,1.403000116,,1
1738540682.872,,1.410000086,,1
1738540682.878,,1.416000128,,1
1738540682.885,,1.423000097,,1
1738540682.892,,1.430000067,,1
1738540682.899,,1.437000036,,1
1738540682.906,,1.444000006,,1
1738540682.913,,1.451000214,,1
1738540682.920,,1.458000183,,1
1738540682.927,,1.465000153,,1
1738540682.934,,1.472000122,,1
1738540682.941,,1.479000092,,1
1738540682.948,,1.486000061,,1
1738540682.955,,1.493000031,,1
1738540682.962,,1.5,,1
1738540682.969,,1.507000208,,1
1738540682.975,,1.513000011,,1
1738540682.982,,1.520000219,,1
1738540682.990,,1.528000116,,1
1738540682.996,,1.534000158,,1
1738540683.004,,1.542000055,,1
1738540683.010,,1.548000097,,1
1738540683.017,,1.555000067,,1
1738540683.024,,1.562000036,,1
1738540683.031,,1.569000006,,1
1738540683.038,,1.576000214,,1
1738540683.045,,1.583000183,,1
1738540683.052,,1.590000153,,1
1738540683.059,,1.597000122,,1
1738540683.066,,1.604000092,,1
1738540683.072,,1.610000134,,1
1738540683.080,,1.618000031,,1
1738540683.087,,1.625,,1
1738540683.094,,1.632000208,,1
1738540683.101,,1.639000177,,1
1738540683.107,,1.645000219,,1
1738540683.115,,1.653000116,,1
1738540683.122,,1.660000086,,1
1738540683.128,,1.666000128,,1
1738540683.136,,1.674000025,,1
1738540683.143,,1.680999994,,1
1738540683.150,,1.688000202,,1
1738540683.156,,1.694000006,,1
1738540683.162,,1.700000048,,1
1738540683.170,,1.708000183,,1
1738540683.177,,1.715000153,,1
1738540683.184,,1.722000122,,1
1738540683.191,,1.729000092,,1
1738540683.199,,1.736999989,,1
1738540683.205,,1.743000031,,1
1738540683.212,,1.75,,1
1738540683.219,,1.757000208,,1
1738540683.226,,1.764000177,,1
1738540683.232,,1.770000219,,1
1738540683.240,,1.778000116,,1
1738540683.247,,1.785000086,,1
1738540683.254,,1.792000055,,1
1738540683.261,,1.799000025,,1
1738540683.267,,1.805000067,,1
1738540683.275,,1.813000202,,1
1738540683.282,,1.820000172,,1
1738540683.288,,1.826000214,,1
1738540683.296,,1.834000111,,1
1738540683.303,,1.84100008,,1
1738540683.310,,1.84800005,,1
1738540683.317,,1.855000019,,1
1738540683.324,,1.861999989,,0.980392
1738540683.330,,1.868000031,,0.94902
1738540683.337,,1.875,,0.901961
1738540683.344,,1.882000208,,0.901961
1738540683.351,,1.889000177,,0.839216
1738540683.358,,1.896000147,,0.776471
1738540683.364,,1.902000189,,0.776471
1738540683.372,,1.910000086,,0.709804
1738540683.379,,1.917000055,,0.639216
1738540683.386,,1.924000025,,0.639216
1738540683.392,,1.930000067,,0.588235
1738540683.400,,1.938000202,,0.541176
1738540683.406,,1.944000006,,0.541176
1738540683.414,,1.952000141,,0.494118
1738540683.421,,1.959000111,,0.45098
1738540683.428,,1.96600008,,0.411765
1738540683.434,,1.972000122,,0.411765
1738540683.441,,1.979000092,,0.376471
1738540683.449,,1.986999989,,0.352941
1738540683.455,,1.993000031,,0.352941
1738540683.462,,2,,0.329412
1738540683.469,,2.007000208,,0.301961
1738540683.476,,2.014000177,,0.301961
1738540683.483,,2.021000147,,0.282353
1738540683.490,,2.028000116,,0.262745
1738540683.497,,2.035000086,,0.243137
1738540683.504,,2.042000055,,0.243137
1738540683.511,,2.049000025,,0.231373
1738540683.517,,2.055000067,,0.215686
1738540683.524,,2.062000036,,0.215686
1738540683.532,,2.070000172,,0.196078
1738540683.539,,2.077000141,,0.184314
1738540683.545,,2.083000183,,0.184314
1738540683.552,,2.090000153,,0.176471
1738540683.560,,2.09800005,,0.164706
1738540683.567,,2.105000019,,0.152941
1738540683.574,,2.111999989,,0.152941
1738540683.581,,2.119000196,,0.145098
1738540683.587,,2.125,,0.137255
1738540683.594,,2.132000208,,0.137255
1738540683.601,,2.139000177,,0.133333
1738540683.608,,2.146000147,,0.12549
1738540683.616,,2.154000044,,0.12549
1738540683.623,,2.161000013,,0.117647
1738540683.630,,2.168000221,,0.101961
1738540683.636,,2.174000025,,0.101961
1738540683.643,,2.180999994,,0.094118
1738540683.650,,2.188000202,,0.07451
1738540683.657,,2.195000172,,0.07451
1738540683.663,,2.201000214,,0.062745
1738540683.670,,2.208000183,,0.062745
1738540683.678,,2.21600008,,0.047059
1738540683.685,,2.22300005,,0.047059
1738540683.692,,2.230000019,,0
1738540683.699,,2.236999989,,0
1738540683.705,,2.243000031,,0
1738540683.712,,2.25,,0
1738540683.720,,2.258000135,,0
1738540683.726,,2.264000177,,1
1738540683.734,,2.272000074,,0
1738540683.741,,2.279000044,,0
1738540683.748,,2.286000013,,0
1738540683.754,,2.292000055,,0
1738540683.761,,2.299000025,,0
1738540683.769,,2.30700016,,0
1738540683.775,,2.313000202,,0
1738540683.782,,2.320000172,,0
1738540683.789,,2.327000141,,0
1738540683.796,,2.334000111,,0
1738540683.803,,2.34100008,,0
1738540683.810,,2.34800005,,0
1738540683.817,,2.355000019,,0
1738540683.824,,2.361999989,,0
1738540683.831,,2.369000196,,0
1738540683.838,,2.376000166,,0
1738540683.845,,2.383000135,,0
1738540683.852,,2.390000105,,0
1738540683.858,,2.396000147,,0
1738540683.866,,2.404000044,,0
1738540683.873,,2.411000013,,0
1738540683.879,,2.417000055,,0
1738540683.887,,2.425000191,,0
1738540683.893,,2.430999994,,0
1738540683.900,,2.438000202,,0
1738540683.907,,2.445000172,,0
1738540683.914,,2.452000141,,0
1738540683.921,,2.459000111,,0
1738540683.928,,2.46600008,,0
1738540683.936,,2.474000216,,0
1738540683.942,,2.480000019,,0
1738540683.949,,2.486999989,,0
1738540683.955,,2.493000031,,0
1738540683.962,,2.5,,0
1738540683.970,,2.508000135,,0
1738540683.977,,2.515000105,,0
1738540683.984,,2.522000074,,0
1738540683.991,,2.529000044,,0
1738540683.998,,2.536000013,,0
1738540684.004,,2.542000055,,0
1738540684.011,,2.549000025,,0
1738540684.019,,2.55700016,,0
1738540684.026,,2.56400013,,0
1738540684.033,,2.571000099,,0
1738540684.040,,2.578000069,,0
1738540684.046,,2.584000111,,0
1738540684.054,,2.592000008,,0
1738540684.060,,2.59800005,,0
1738540684.067,,2.605000019,,0
1738540684.074,,2.611999989,,0
1738540684.081,,2.619000196,,0
1738540684.088,,2.626000166,,0
1738540684.095,,2.633000135,,0
1738540684.102,,2.640000105,,0
1738540684.109,,2.647000074,,0
1738540684.116,,2.654000044,,0
1738540684.123,,2.661000013,,0
1738540684.130,,2.668000221,,0
1738540684.137,,2.675000191,,0
1738540684.144,,2.68200016,,0
1738540684.151,,2.68900013,,0
1738540684.158,,2.696000099,,0
1738540684.164,,2.702000141,,0
1738540684.172,,2.710000038,,0
1738540684.179,,2.717000008,,0
1738540684.186,,2.724000216,,0
1738540684.193,,2.731000185,,0
1738540684.200,,2.738000154,,0
1738540684.207,,2.745000124,,0
1738540684.214,,2.752000093,,0
1738540684.221,,2.759000063,,0
1738540684.228,,2.766000032,,0
1738540684.235,,2.773000002,,0
1738540684.242,,2.78000021,,0
1738540684.248,,2.786000013,,0
1738540684.256,,2.794000149,,0
1738540684.263,,2.801000118,,0
1738540684.269,,2.80700016,,0
1738540684.276,,2.81400013,,0
1738540684.283,,2.821000099,,0
1738540684.290,,2.828000069,,0
1738540684.297,,2.835000038,,0
1738540684.304,,2.842000008,,0
1738540684.311,,2.849000216,,0
1738540684.317,,2.855000019,,0
1738540684.325,,2.863000154,,0
1738540684.332,,2.870000124,,0
1738540684.338,,2.876000166,,0
1738540684.346,,2.884000063,,0
1738540684.353,,2.891000032,,0
1738540684.359,,2.897000074,,0
1738540684.366,,2.904000044,,0
1738540684.374,,2.912000179,,0
1738540684.381,,2.919000149,,0
1738540684.388,,2.926000118,,0
1738540684.395,,2.933000088,,0
1738540684.402,,2.940000057,,0
1738540684.408,,2.946000099,,0
1738540684.416,,2.953999996,,0
1738540684.422,,2.960000038,,0
1738540684.429,,2.967000008,,0
1738540684.436,,2.974000216,,0
1738540684.443,,2.981000185,,0
1738540684.450,,2.988000154,,0
1738540684.457,,2.995000124,,0
1738540684.464,,3.002000093,,0
1738540684.470,,3.008000135,,0
1738540684.478,,3.016000032,,0
1738540684.484,,3.022000074,,0
1738540684.491,,3.029000044,,0
1738540684.498,,3.036000013,,0
1738540684.505,,3.043000221,,0
1738540684.512,,3.050000191,,0
1738540684.520,,3.058000088,,0
1738540684.526,,3.06400013,,0
1738540684.534,,3.072000027,,0
1738540684.541,,3.078999996,,0
1738540684.548,,3.086000204,,0
1738540684.554,,3.092000008,,0
1738540684.562,,3.100000143,,0
1738540684.568,,3.106000185,,0
1738540684.575,,3.113000154,,0
1738540684.582,,3.120000124,,0
1738540684.589,,3.127000093,,0.043137
1738540684.596,,3.134000063,,0.043137
1738540684.603,,3.141000032,,0.058824
1738540684.610,,3.148000002,,0.070588
1738540684.617,,3.15500021,,0.070588
1738540684.624,,3.162000179,,0.086275
1738540684.631,,3.169000149,,0.094118
1738540684.638,,3.176000118,,0.109804
1738540684.645,,3.183000088,,0.109804
1738540684.652,,3.190000057,,0.129412
1738540684.659,,3.197000027,,0.14902
1738540684.666,,3.203999996,,0.14902
1738540684.673,,3.211000204,,0.168627
1738540684.680,,3.218000174,,0.180392
1738540684.686,,3.224000216,,0.180392
1738540684.694,,3.232000113,,0.192157
1738540684.701,,3.239000082,,0.207843
1738540684.708,,3.246000051,,0.239216
1738540684.714,,3.252000093,,0.239216
1738540684.721,,3.259000063,,0.25098
1738540684.728,,3.266000032,,0.266667
1738540684.735,,3.273000002,,0.266667
1738540684.742,,3.28000021,,0.290196
1738540684.749,,3.287000179,,0.294118
1738540684.756,,3.294000149,,0.294118
1738540684.763,,3.301000118,,0.309804
1738540684.770,,3.308000088,,0.333333
1738540684.777,,3.315000057,,0.333333
1738540684.783,,3.321000099,,0.34902
1738540684.790,,3.328000069,,0.372549
1738540684.798,,3.336000204,,0.4
1738540684.805,,3.343000174,,0.4
1738540684.812,,3.350000143,,0.443137
1738540684.819,,3.357000113,,0.470588
1738540684.826,,3.364000082,,0.470588
1738540684.833,,3.371000051,,0.501961
1738540684.840,,3.378000021,,0.529412
1738540684.847,,3.38499999,,0.529412
1738540684.854,,3.392000198,,0.560784
1738540684.861,,3.399000168,,0.584314
1738540684.867,,3.40500021,,0.607843
1738540684.875,,3.413000107,,0.607843
1738540684.882,,3.420000076,,0.627451
1738540684.889,,3.427000046,,0.635294
1738540684.895,,3.433000088,,0.635294
1738540684.902,,3.440000057,,0.635294
1738540684.909,,3.447000027,,0.635294
1738540684.916,,3.453999996,,0.635294
1738540684.923,,3.461000204,,0.643137
1738540684.930,,3.468000174,,0.65098
1738540684.937,,3.475000143,,0.65098
1738540684.944,,3.482000113,,0.666667
1738540684.951,,3.489000082,,0.698039
1738540684.957,,3.495000124,,0.729412
1738540684.967,,3.505000114,,0.729412
1738540684.972,,3.50999999,,0.768627
1738540684.978,,3.516000032,,0.807843
1738540684.986,,3.524000168,,0.807843
1738540684.992,,3.53000021,,0.843137
1738540685.000,,3.538000107,,0.882353
1738540685.007,,3.545000076,,0.882353
1738540685.014,,3.552000046,,0.956863
1738540685.021,,3.559000015,,1
1738540685.028,,3.566000223,,1
1738540685.034,,3.572000027,,1
1738540685.041,,3.578999996,,1
1738540685.049,,3.587000132,,1
1738540685.055,,3.593000174,,1
1738540685.062,,3.600000143,,1
1738540685.069,,3.607000113,,1
1738540685.076,,3.614000082,,1
1738540685.083,,3.621000051,,1
1738540685.090,,3.628000021,,1
1738540685.097,,3.63499999,,1
1738540685.104,,3.642000198,,1
1738540685.111,,3.649000168,,1
1738540685.118,,3.656000137,,1
1738540685.126,,3.664000034,,1
1738540685.132,,3.670000076,,1
1738540685.138,,3.676000118,,1
1738540685.146,,3.684000015,,1
1738540685.152,,3.690000057,,1
1738540685.160,,3.698000193,,1
1738540685.166,,3.703999996,,1
1738540685.174,,3.712000132,,1
1738540685.181,,3.719000101,,1
1738540685.187,,3.725000143,,1
1738540685.194,,3.732000113,,1
1738540685.201,,3.739000082,,1
1738540685.208,,3.746000051,,1
1738540685.215,,3.753000021,,1
1738540685.222,,3.75999999,,1
1738540685.229,,3.767000198,,1
1738540685.235,,3.773000002,,1
1738540685.242,,3.78000021,,1
1738540685.249,,3.787000179,,1
1738540685.257,,3.795000076,,1
1738540685.263,,3.801000118,,1
1738540685.270,,3.808000088,,1
1738540685.278,,3.816000223,,1
1738540685.287,,3.825000048,,1
1738540685.292,,3.830000162,,1
1738540685.299,,3.837000132,,1
1738540685.307,,3.845000029,,1
1738540685.313,,3.851000071,,1
1738540685.320,,3.85800004,,1
1738540685.326,,3.864000082,,1
1738540685.333,,3.871000051,,1
1738540685.340,,3.878000021,,1
1738540685.347,,3.88499999,,1
1738540685.354,,3.892000198,,1
1738540685.361,,3.899000168,,1
1738540685.368,,3.906000137,,1
1738540685.375,,3.913000107,,1
1738540685.382,,3.920000076,,1
1738540685.388,,3.926000118,,1
1738540685.395,,3.933000088,,1
1738540685.402,,3.940000057,,1
1738540685.410,,3.948000193,,1
1738540685.417,,3.955000162,,1
1738540685.424,,3.962000132,,1
1738540685.431,,3.969000101,,1
1738540685.438,,3.976000071,,1
1738540685.447,,3.985000134,,1
1738540685.452,,3.99000001,,1
1738540685.459,,3.997000217,,1
1738540685.467,,4.005000114,,1
1738540685.472,,4.00999999,,1
1738540685.480,,4.018000126,,1
1738540685.486,,4.024000168,,1
1738540685.492,,4.03000021,,1
1738540685.500,,4.038000107,,1
1738540685.507,,4.045000076,,1
1738540685.514,,4.052000046,,1
1738540685.521,,4.059000015,,1
1738540685.528,,4.066000223,,1
1738540685.535,,4.073000193,,1
1738540685.542,,4.080000162,,1
1738540685.549,,4.087000132,,1
1738540685.555,,4.093000174,,1
1738540685.562,,4.100000143,,1
1738540685.570,,4.10800004,,1
1738540685.576,,4.114000082,,1
1738540685.583,,4.121000051,,1
1738540685.590,,4.128000021,,1
1738540685.597,,4.13499999,,1
1738540685.604,,4.142000198,,1
1738540685.611,,4.149000168,,1
1738540685.619,,4.157000065,,1
1738540685.627,,4.1650002,,1
1738540685.633,,4.171000004,,1
1738540685.639,,4.177000046,,1
1738540685.646,,4.184000015,,1
1738540685.653,,4.191000223,,1
1738540685.660,,4.198000193,,1
1738540685.667,,4.205000162,,1
1738540685.674,,4.212000132,,1
1738540685.681,,4.219000101,,1
1738540685.688,,4.226000071,,0.996078
1738540685.695,,4.23300004,,0.996078
1738540685.702,,4.24000001,,0.984314
1738540685.709,,4.247000217,,0.956863
1738540685.716,,4.254000187,,0.956863
1738540685.723,,4.261000156,,0.941176
1738540685.730,,4.268000126,,0.941176
1738540685.736,,4.274000168,,0.941176
1738540685.743,,4.281000137,,0.92549
1738540685.751,,4.289000034,,0.921569
1738540685.758,,4.296000004,,0.913725
1738540685.766,,4.304000139,,0.913725
1738540685.772,,4.310000181,,0.905882
1738540685.778,,4.316000223,,0.898039
1738540685.787,,4.325000048,,0.898039
1738540685.793,,4.33100009,,0.901961
1738540685.800,,4.338000059,,0.898039
1738540685.806,,4.344000101,,0.898039
1738540685.815,,4.353000164,,0.898039
1738540685.820,,4.35800004,,0.898039
1738540685.827,,4.36500001,,0.898039
1738540685.834,,4.372000217,,0.894118
1738540685.841,,4.379000187,,0.894118
1738540685.848,,4.386000156,,0.894118
1738540685.855,,4.393000126,,0.894118
1738540685.862,,4.400000095,,0.890196
1738540685.869,,4.407000065,,0.882353
1738540685.876,,4.414000034,,0.882353
1738540685.883,,4.421000004,,0.87451
1738540685.890,,4.428000212,,0.858824
1738540685.896,,4.434000015,,0.858824
1738540685.903,,4.441000223,,0.839216
1738540685.910,,4.448000193,,0.815686
1738540685.918,,4.45600009,,0.796078
1738540685.926,,4.464000225,,0.796078
1738540685.931,,4.469000101,,0.780392
1738540685.938,,4.476000071,,0.760784
1738540685.946,,4.484000206,,0.760784
1738540685.952,,4.49000001,,0.741176
1738540685.958,,4.496000051,,0.72549
1738540685.967,,4.505000114,,0.72549
1738540685.973,,4.511000156,,0.701961
1738540685.980,,4.518000126,,0.666667
1738540685.987,,4.525000095,,0.666667
1738540685.994,,4.532000065,,0.631373
1738540686.001,,4.539000034,,0.596078
1738540686.008,,4.546000004,,0.580392
1738540686.015,,4.553000212,,0.580392
1738540686.022,,4.560000181,,0.572549
1738540686.029,,4.567000151,,0.560784
1738540686.035,,4.573000193,,0.560784
1738540686.042,,4.580000162,,0.54902
1738540686.049,,4.587000132,,0.533333
1738540686.056,,4.594000101,,0.533333
1738540686.063,,4.601000071,,0.521569
1738540686.071,,4.609000206,,0.505882
1738540686.077,,4.61500001,,0.486275
1738540686.087,,4.625,,0.486275
1738540686.092,,4.630000114,,0.470588
1738540686.098,,4.636000156,,0.447059
1738540686.107,,4.645000219,,0.447059
1738540686.112,,4.650000095,,0.435294
1738540686.119,,4.657000065,,0.415686
1738540686.126,,4.664000034,,0.415686
1738540686.133,,4.671000004,,0.403922
1738540686.140,,4.678000212,,0.396078
1738540686.147,,4.685000181,,0.396078
1738540686.154,,4.692000151,,0.384314
1738540686.161,,4.69900012,,0.368627
1738540686.168,,4.70600009,,0.356863
1738540686.174,,4.712000132,,0.356863
1738540686.181,,4.719000101,,0.345098
1738540686.189,,4.726999998,,0.333333
1738540686.196,,4.734000206,,0.333333
1738540686.203,,4.741000175,,0.329412
1738540686.210,,4.748000145,,0.333333
1738540686.217,,4.755000114,,0.333333
1738540686.224,,4.762000084,,0.321569
1738540686.230,,4.768000126,,0.313726
1738540686.237,,4.775000095,,0.301961
1738540686.247,,4.785000086,,0.301961
1738540686.252,,4.7900002,,0.282353
1738540686.258,,4.796000004,,0.254902
1738540686.267,,4.805000067,,0.254902
1738540686.272,,4.810000181,,0.231373
1738540686.279,,4.817000151,,0.207843
1738540686.287,,4.825000048,,0.207843
1738540686.293,,4.83100009,,0.192157
1738540686.300,,4.838000059,,0.184314
1738540686.307,,4.845000029,,0.184314
1738540686.314,,4.851999998,,0.192157
1738540686.321,,4.859000206,,0.176471
1738540686.328,,4.866000175,,0.172549
1738540686.335,,4.873000145,,0.172549
1738540686.342,,4.880000114,,0.164706
1738540686.349,,4.887000084,,0.156863
1738540686.355,,4.893000126,,0.156863
1738540686.362,,4.900000095,,0.145098
1738540686.369,,4.907000065,,0.133333
1738540686.376,,4.914000034,,0.133333
1738540686.383,,4.921000004,,0.133333
1738540686.390,,4.928000212,,0.113725
1738540686.397,,4.935000181,,0.109804
1738540686.405,,4.943000078,,0.109804
1738540686.411,,4.94900012,,0.101961
1738540686.418,,4.95600009,,0.090196
1738540686.427,,4.965000153,,0.090196
1738540686.433,,4.971000195,,0.078431
1738540686.440,,4.978000164,,0.070588
1738540686.447,,4.985000134,,0.070588
1738540686.453,,4.991000175,,0.054902
1738540686.460,,4.998000145,,0.039216
1738540686.467,,5.005000114,,0.039216
1738540686.474,,5.012000084,,0
1738540686.481,,5.019000053,,0
1738540686.487,,5.025000095,,0
1738540686.495,,5.032999992,,0
1738540686.502,,5.0400002,,1
1738540686.509,,5.04700017,,0
1738540686.516,,5.054000139,,0
1738540686.523,,5.061000109,,0
1738540686.530,,5.068000078,,0
1738540686.537,,5.075000048,,0
1738540686.544,,5.082000017,,0
1738540686.551,,5.089000225,,0
1738540686.558,,5.096000195,,0
1738540686.564,,5.101999998,,0
1738540686.571,,5.109000206,,0
1738540686.578,,5.116000175,,0
1738540686.585,,5.123000145,,0
1738540686.592,,5.130000114,,0
1738540686.599,,5.137000084,,0
1738540686.606,,5.144000053,,0
1738540686.615,,5.153000116,,0
1738540686.620,,5.157999992,,0
1738540686.627,,5.1650002,,0
1738540686.634,,5.17200017,,0
1738540686.641,,5.179000139,,0
1738540686.648,,5.186000109,,0
1738540686.655,,5.193000078,,0
1738540686.662,,5.200000048,,0
1738540686.668,,5.20600009,,0
1738540686.676,,5.214000225,,0
1738540686.683,,5.221000195,,0
1738540686.690,,5.228000164,,0
1738540686.696,,5.234000206,,0
1738540686.702,,5.24000001,,0
1738540686.710,,5.248000145,,0
1738540686.717,,5.255000114,,0
1738540686.724,,5.262000084,,0
1738540686.731,,5.269000053,,0
1738540686.739,,5.277000189,,0
1738540686.745,,5.282999992,,0
1738540686.752,,5.2900002,,0
1738540686.759,,5.29700017,,0
1738540686.766,,5.304000139,,0
1738540686.772,,5.310000181,,0
1738540686.780,,5.318000078,,0
1738540686.787,,5.325000048,,0
1738540686.794,,5.332000017,,0
1738540686.801,,5.339000225,,0
1738540686.808,,5.346000195,,0
1738540686.815,,5.353000164,,0
1738540686.822,,5.360000134,,0
1738540686.828,,5.366000175,,0
1738540686.835,,5.373000145,,0
1738540686.842,,5.380000114,,0
1738540686.849,,5.387000084,,0
1738540686.857,,5.395000219,,0
1738540686.864,,5.402000189,,0
1738540686.870,,5.407999992,,0
1738540686.877,,5.4150002,,0
1738540686.885,,5.423000097,,0
1738540686.891,,5.429000139,,0
1738540686.898,,5.436000109,,0
1738540686.905,,5.443000078,,0
1738540686.912,,5.450000048,,0
1738540686.919,,5.457000017,,0
1738540686.926,,5.464000225,,0
1738540686.932,,5.470000029,,0
1738540686.940,,5.478000164,,0
1738540686.947,,5.485000134,,0
1738540686.954,,5.492000103,,0
1738540686.961,,5.499000072,,0
1738540686.968,,5.506000042,,0
1738540686.975,,5.513000011,,0
1738540686.982,,5.520000219,,0
1738540686.989,,5.527000189,,0
1738540686.996,,5.534000158,,0
1738540687.002,,5.5400002,,0
1738540687.009,,5.54700017,,0
1738540687.017,,5.555000067,,0
1738540687.023,,5.561000109,,0
1738540687.030,,5.568000078,,0.058824
1738540687.037,,5.575000048,,0.101961
1738540687.044,,5.582000017,,0.101961
1738540687.051,,5.589000225,,0.152941
1738540687.058,,5.596000195,,0.196078
1738540687.064,,5.601999998,,0.196078
1738540687.071,,5.609000206,,0.239216
1738540687.079,,5.617000103,,0.294118
1738540687.086,,5.624000072,,0.294118
1738540687.093,,5.631000042,,0.333333
1738540687.100,,5.638000011,,0.380392
1738540687.106,,5.644000053,,0.380392
1738540687.113,,5.651000023,,0.427451
1738540687.120,,5.657999992,,0.482353
1738540687.127,,5.6650002,,0.521569
1738540687.135,,5.673000097,,0.521569
1738540687.142,,5.680000067,,0.576471
1738540687.149,,5.687000036,,0.631373
1738540687.155,,5.693000078,,0.631373
1738540687.162,,5.700000048,,0.686275
1738540687.169,,5.707000017,,0.733333
1738540687.176,,5.714000225,,0.733333
1738540687.183,,5.721000195,,0.784314
1738540687.190,,5.728000164,,0.839216
1738540687.197,,5.735000134,,0.894118
1738540687.204,,5.742000103,,0.894118
1738540687.211,,5.749000072,,0.945098
1738540687.217,,5.755000114,,0.984314
1738540687.225,,5.763000011,,0.984314
1738540687.232,,5.770000219,,1
1738540687.239,,5.777000189,,1
1738540687.246,,5.784000158,,1
1738540687.253,,5.791000128,,1
1738540687.260,,5.798000097,,1
1738540687.267,,5.805000067,,1
1738540687.274,,5.812000036,,1
1738540687.281,,5.819000006,,1
1738540687.287,,5.825000048,,1
1738540687.295,,5.833000183,,1
1738540687.302,,5.840000153,,1
1738540687.309,,5.847000122,,1
1738540687.316,,5.854000092,,1
1738540687.323,,5.861000061,,1
1738540687.329,,5.867000103,,1
1738540687.336,,5.874000072,,1
1738540687.343,,5.881000042,,1
1738540687.350,,5.888000011,,1
1738540687.357,,5.895000219,,1
1738540687.364,,5.902000189,,1
1738540687.370,,5.907999992,,1
1738540687.378,,5.916000128,,1
1738540687.384,,5.92200017,,1
1738540687.391,,5.929000139,,1
1738540687.399,,5.937000036,,1
1738540687.405,,5.943000078,,1
1738540687.413,,5.951000214,,1
1738540687.419,,5.957000017,,1
1738540687.427,,5.965000153,,1
1738540687.434,,5.972000122,,1
1738540687.441,,5.979000092,,1
1738540687.448,,5.986000061,,1
1738540687.455,,5.993000031,,1
1738540687.462,,6,,1
1738540687.468,,6.006000042,,1
1738540687.475,,6.013000011,,1
1738540687.482,,6.020000219,,1
1738540687.489,,6.027000189,,1
1738540687.496,,6.034000158,,1
1738540687.503,,6.041000128,,1
1738540687.510,,6.048000097,,1
1738540687.516,,6.054000139,,1
1738540687.523,,6.061000109,,1
1738540687.531,,6.069000006,,1
1738540687.538,,6.076000214,,1
1738540687.545,,6.083000183,,1
1738540687.552,,6.090000153,,1
1738540687.558,,6.096000195,,1
1738540687.565,,6.103000164,,1
1738540687.572,,6.110000134,,1
1738540687.579,,6.117000103,,1
1738540687.587,,6.125,,1
1738540687.594,,6.132000208,,1
1738540687.601,,6.139000177,,1
1738540687.608,,6.146000147,,1
1738540687.615,,6.153000116,,1
1738540687.622,,6.160000086,,1
1738540687.628,,6.166000128,,1
1738540687.635,,6.173000097,,1
1738540687.642,,6.180000067,,1
1738540687.649,,6.187000036,,1
1738540687.656,,6.194000006,,1
1738540687.663,,6.201000214,,1
1738540687.670,,6.208000183,,1
1738540687.677,,6.215000153,,1
1738540687.684,,6.222000122,,1
1738540687.691,,6.229000092,,1
1738540687.698,,6.236000061,,1
1738540687.704,,6.242000103,,1
1738540687.711,,6.249000072,,1
1738540687.718,,6.256000042,,1
1738540687.725,,6.263000011,,1
1738540687.732,,6.270000219,,1
1738540687.739,,6.277000189,,1
1738540687.747,,6.285000086,,1
1738540687.754,,6.292000055,,1
1738540687.761,,6.299000025,,1
1738540687.768,,6.305999994,,1
1738540687.775,,6.313000202,,1
1738540687.782,,6.320000172,,1
1738540687.788,,6.326000214,,1
1738540687.795,,6.333000183,,1
1738540687.802,,6.340000153,,1
1738540687.809,,6.347000122,,1
1738540687.820,,6.35800004,,1
1738540687.823,,6.361000061,,1
1738540687.830,,6.368000031,,1
1738540687.837,,6.375,,1
1738540687.844,,6.382000208,,1
1738540687.851,,6.389000177,,1
1738540687.858,,6.396000147,,1
1738540687.864,,6.402000189,,1
1738540687.871,,6.409000158,,1
1738540687.878,,6.416000128,,1
1738540687.886,,6.424000025,,1
1738540687.893,,6.430999994,,1
1738540687.900,,6.438000202,,1
1738540687.906,,6.444000006,,1
1738540687.913,,6.451000214,,1
1738540687.920,,6.458000183,,1
1738540687.928,,6.46600008,,1
1738540687.934,,6.472000122,,1
1738540687.941,,6.479000092,,1
1738540687.948,,6.486000061,,1
1738540687.955,,6.493000031,,1
1738540687.962,,6.5,,1
1738540687.969,,6.507000208,,1
1738540687.976,,6.514000177,,1
1738540687.982,,6.520000219,,1
1738540687.989,,6.527000189,,1
1738540687.996,,6.534000158,,1
1738540688.003,,6.541000128,,1
1738540688.010,,6.548000097,,1
1738540688.018,,6.555999994,,1
1738540688.025,,6.563000202,,1
1738540688.032,,6.570000172,,1
1738540688.038,,6.576000214,,1
1738540688.049,,6.587000132,,1
1738540688.053,,6.59100008,,1
1738540688.059,,6.597000122,,1
1738540688.067,,6.605000019,,1
1738540688.072,,6.610000134,,1
1738540688.080,,6.618000031,,1
1738540688.087,,6.625,,1
1738540688.094,,6.632000208,,1
1738540688.101,,6.639000177,,1
1738540688.108,,6.646000147,,1
1738540688.115,,6.653000116,,1
1738540688.122,,6.660000086,,1
1738540688.129,,6.667000055,,1
1738540688.136,,6.674000025,,1
1738540688.143,,6.680999994,,1
1738540688.149,,6.687000036,,1
1738540688.157,,6.695000172,,1
1738540688.164,,6.702000141,,1
1738540688.170,,6.708000183,,1
1738540688.178,,6.71600008,,1
1738540688.185,,6.72300005,,1
1738540688.191,,6.729000092,,1
1738540688.198,,6.736000061,,1
1738540688.208,,6.746000051,,1
1738540688.212,,6.75,,1
1738540688.219,,6.757000208,,1
1738540688.227,,6.765000105,,1
1738540688.234,,6.772000074,,1
1738540688.240,,6.778000116,,1
1738540688.249,,6.787000179,,1
1738540688.254,,6.792000055,,1
1738540688.261,,6.799000025,,1
1738540688.268,,6.805999994,,1
1738540688.275,,6.813000202,,1
1738540688.282,,6.820000172,,0.992157
1738540688.289,,6.827000141,,1
1738540688.296,,6.834000111,,1
1738540688.303,,6.84100008,,1
1738540688.311,,6.849000216,,1
1738540688.317,,6.855000019,,1
1738540688.324,,6.861999989,,0.996078
1738540688.330,,6.868000031,,0.996078
1738540688.337,,6.875,,0.992157
1738540688.345,,6.883000135,,0.992157
1738540688.352,,6.890000105,,0.992157
1738540688.359,,6.897000074,,0.992157
1738540688.366,,6.904000044,,0.992157
1738540688.372,,6.910000086,,0.992157
1738540688.379,,6.917000055,,0.992157
1738540688.386,,6.924000025,,0.992157
1738540688.395,,6.933000088,,0.992157
1738540688.400,,6.938000202,,0.988235
1738540688.407,,6.945000172,,0.988235
1738540688.414,,6.952000141,,0.992157
1738540688.421,,6.959000111,,0.988235
1738540688.427,,6.965000153,,0.980392
1738540688.435,,6.97300005,,0.980392
1738540688.442,,6.980000019,,0.960784
1738540688.449,,6.986999989,,0.941176
1738540688.456,,6.994000196,,0.941176
1738540688.463,,7.001000166,,0.929412
1738540688.469,,7.007000208,,0.917647
1738540688.477,,7.015000105,,0.917647
1738540688.484,,7.022000074,,0.905882
1738540688.490,,7.028000116,,0.886275
1738540688.498,,7.036000013,,0.870588
1738540688.505,,7.043000221,,0.870588
1738540688.512,,7.050000191,,0.854902
1738540688.519,,7.05700016,,0.839216
1738540688.525,,7.063000202,,0.839216
1738540688.532,,7.070000172,,0.819608
1738540688.539,,7.077000141,,0.8
1738540688.546,,7.084000111,,0.8
1738540688.553,,7.09100008,,0.784314
1738540688.560,,7.09800005,,0.772549
1738540688.567,,7.105000019,,0.772549
1738540688.574,,7.111999989,,0.760784
1738540688.581,,7.119000196,,0.745098
1738540688.588,,7.126000166,,0.717647
1738540688.595,,7.133000135,,0.717647
1738540688.602,,7.140000105,,0.686275
1738540688.608,,7.146000147,,0.643137
1738540688.615,,7.153000116,,0.643137
1738540688.622,,7.160000086,,0.588235
1738540688.630,,7.168000221,,0.545098
1738540688.636,,7.174000025,,0.545098
1738540688.643,,7.180999994,,0.513726
1738540688.650,,7.188000202,,0.494118
1738540688.658,,7.196000099,,0.486275
1738540688.665,,7.203000069,,0.486275
1738540688.671,,7.209000111,,0.486275
1738540688.678,,7.21600008,,0.482353
1738540688.685,,7.22300005,,0.482353
1738540688.692,,7.230000019,,0.478431
1738540688.699,,7.236999989,,0.470588
1738540688.706,,7.244000196,,0.470588
1738540688.713,,7.251000166,,0.45098
1738540688.720,,7.258000135,,0.427451
1738540688.727,,7.265000105,,0.427451
1738540688.734,,7.272000074,,0.396078
1738540688.741,,7.279000044,,0.372549
1738540688.748,,7.286000013,,0.364706
1738540688.755,,7.293000221,,0.364706
1738540688.762,,7.300000191,,0.356863
1738540688.769,,7.30700016,,0.34902
1738540688.775,,7.313000202,,0.34902
1738540688.782,,7.320000172,,0.345098
1738540688.790,,7.328000069,,0.337255
1738540688.796,,7.334000111,,0.337255
1738540688.804,,7.342000008,,0.317647
1738540688.811,,7.349000216,,0.301961
1738540688.818,,7.356000185,,0.282353
1738540688.825,,7.363000154,,0.282353
1738540688.831,,7.369000196,,0.270588
1738540688.838,,7.376000166,,0.254902
1738540688.845,,7.383000135,,0.254902
1738540688.852,,7.390000105,,0.243137
1738540688.859,,7.397000074,,0.231373
1738540688.866,,7.404000044,,0.231373
1738540688.873,,7.411000013,,0.207843
1738540688.879,,7.417000055,,0.184314
1738540688.887,,7.425000191,,0.184314
1738540688.894,,7.43200016,,0.156863
1738540688.901,,7.43900013,,0.12549
1738540688.908,,7.446000099,,0.109804
1738540688.914,,7.452000141,,0.109804
1738540688.921,,7.459000111,,0.07451
1738540688.928,,7.46600008,,0.05098
1738540688.935,,7.47300005,,0.05098
1738540688.942,,7.480000019,,0
1738540688.950,,7.488000154,,0
1738540688.957,,7.495000124,,0
1738540688.964,,7.502000093,,1
1738540688.970,,7.508000135,,0
1738540688.977,,7.515000105,,0
1738540688.984,,7.522000074,,0
1738540688.991,,7.529000044,,0
1738540688.998,,7.536000013,,0
1738540689.004,,7.542000055,,0
1738540689.011,,7.549000025,,0
1738540689.018,,7.555999994,,0
1738540689.025,,7.563000202,,0
1738540689.032,,7.570000172,,0
1738540689.040,,7.578000069,,0
1738540689.047,,7.585000038,,0
1738540689.054,,7.592000008,,0
1738540689.061,,7.599000216,,0
1738540689.068,,7.606000185,,0
1738540689.074,,7.611999989,,0
1738540689.081,,7.619000196,,0
1738540689.088,,7.626000166,,0
1738540689.095,,7.633000135,,0
1738540689.102,,7.640000105,,0
1738540689.109,,7.647000074,,0
1738540689.116,,7.654000044,,0
1738540689.124,,7.662000179,,0
1738540689.130,,7.668000221,,0
1738540689.137,,7.675000191,,0
1738540689.144,,7.68200016,,0
1738540689.151,,7.68900013,,0
1738540689.158,,7.696000099,,0
1738540689.165,,7.703000069,,0
1738540689.171,,7.709000111,,0
1738540689.179,,7.717000008,,0
1738540689.186,,7.724000216,,0
1738540689.193,,7.731000185,,0
1738540689.200,,7.738000154,,0
1738540689.206,,7.744000196,,0
1738540689.214,,7.752000093,,0
1738540689.221,,7.759000063,,0
1738540689.227,,7.765000105,,0
1738540689.234,,7.772000074,,0
1738540689.241,,7.779000044,,0
1738540689.248,,7.786000013,,0
1738540689.255,,7.793000221,,0
1738540689.262,,7.800000191,,0
1738540689.269,,7.80700016,,0
1738540689.276,,7.81400013,,0
1738540689.283,,7.821000099,,0
1738540689.290,,7.828000069,,0
1738540689.297,,7.835000038,,0
1738540689.304,,7.842000008,,0
1738540689.311,,7.849000216,,0
1738540689.318,,7.856000185,,0
1738540689.325,,7.863000154,,0
1738540689.332,,7.870000124,,0
1738540689.338,,7.876000166,,0
1738540689.346,,7.884000063,,0
1738540689.353,,7.891000032,,0
1738540689.360,,7.898000002,,0
1738540689.367,,7.90500021,,0
1738540689.374,,7.912000179,,0
1738540689.381,,7.919000149,,0
1738540689.387,,7.925000191,,0
1738540689.394,,7.93200016,,0
1738540689.401,,7.93900013,,0
1738540689.409,,7.947000027,,0
1738540689.416,,7.953999996,,0
1738540689.422,,7.960000038,,0
1738540689.429,,7.967000008,,0
1738540689.436,,7.974000216,,0
1738540689.443,,7.981000185,,0
1738540689.450,,7.988000154,,0
1738540689.457,,7.995000124,,0
1738540689.464,,8.002000093,,0
1738540689.471,,8.009000063,,0
1738540689.478,,8.016000032,,0
1738540689.485,,8.023000002,,0
1738540689.492,,8.03000021,,0
1738540689.499,,8.037000179,,0
1738540689.506,,8.044000149,,0
1738540689.512,,8.050000191,,0
1738540689.519,,8.05700016,,0
1738540689.526,,8.06400013,,0
1738540689.534,,8.072000027,,0
1738540689.541,,8.078999996,,0
1738540689.547,,8.085000038,,0
1738540689.554,,8.092000008,,0
1738540689.561,,8.099000216,,0
1738540689.568,,8.106000185,,0
1738540689.575,,8.113000154,,0
1738540689.582,,8.120000124,,0
1738540689.589,,8.127000093,,0
1738540689.595,,8.133000135,,0
1738540689.602,,8.140000105,,0
1738540689.609,,8.147000074,,0
1738540689.616,,8.154000044,,0
1738540689.624,,8.162000179,,0
1738540689.631,,8.169000149,,0
1738540689.639,,8.177000046,,0
1738540689.645,,8.183000088,,0
1738540689.652,,8.190000057,,0
1738540689.659,,8.197000027,,0
1738540689.666,,8.203999996,,0
1738540689.672,,8.210000038,,0
1738540689.680,,8.218000174,,0
1738540689.686,,8.224000216,,0
1738540689.693,,8.231000185,,0
1738540689.700,,8.238000154,,0
1738540689.707,,8.245000124,,0
1738540689.714,,8.252000093,,0
1738540689.721,,8.259000063,,0
1738540689.728,,8.266000032,,0.05098
1738540689.735,,8.273000002,,0.05098
1738540689.742,,8.28000021,,0.070588
1738540689.749,,8.287000179,,0.090196
1738540689.756,,8.294000149,,0.090196
1738540689.762,,8.300000191,,0.121569
1738540689.770,,8.308000088,,0.129412
1738540689.777,,8.315000057,,0.129412
1738540689.783,,8.321000099,,0.145098
1738540689.790,,8.328000069,,0.172549
1738540689.797,,8.335000038,,0.176471
1738540689.805,,8.343000174,,0.176471
1738540689.813,,8.351000071,,0.2
1738540689.823,,8.361000061,,0.235294
1738540689.825,,8.363000154,,0.235294
1738540689.832,,8.370000124,,0.262745
1738540689.839,,8.377000093,,0.282353
1738540689.846,,8.384000063,,0.282353
1738540689.853,,8.391000032,,0.305882
1738540689.860,,8.398000002,,0.329412
1738540689.867,,8.40500021,,0.329412
1738540689.874,,8.412000179,,0.352941
1738540689.881,,8.419000149,,0.364706
1738540689.888,,8.426000118,,0.384314
1738540689.895,,8.433000088,,0.384314
1738540689.902,,8.440000057,,0.403922
1738540689.909,,8.447000027,,0.423529
1738540689.916,,8.453999996,,0.423529
1738540689.922,,8.460000038,,0.45098
1738540689.930,,8.468000174,,0.470588
1738540689.937,,8.475000143,,0.470588
1738540689.944,,8.482000113,,0.501961
1738540689.951,,8.489000082,,0.529412
1738540689.957,,8.495000124,,0.560784
1738540689.964,,8.502000093,,0.560784
1738540689.971,,8.509000063,,0.596078
1738540689.978,,8.516000032,,0.627451
1738540689.985,,8.523000002,,0.627451
1738540689.992,,8.53000021,,0.654902
1738540689.999,,8.537000179,,0.698039
1738540690.007,,8.545000076,,0.698039
1738540690.013,,8.551000118,,0.713726
1738540690.020,,8.558000088,,0.733333
1738540690.027,,8.565000057,,0.733333
1738540690.034,,8.572000027,,0.74902
1738540690.041,,8.578999996,,0.764706
1738540690.048,,8.586000204,,0.784314
1738540690.055,,8.593000174,,0.784314
1738540690.062,,8.600000143,,0.815686
1738540690.069,,8.607000113,,0.854902
1738540690.076,,8.614000082,,0.854902
1738540690.083,,8.621000051,,0.890196
1738540690.090,,8.628000021,,0.937255
1738540690.097,,8.63499999,,0.937255
1738540690.104,,8.642000198,,0.980392
1738540690.110,,8.648000002,,1
1738540690.117,,8.65500021,,1
1738540690.124,,8.662000179,,1
1738540690.131,,8.669000149,,1
1738540690.138,,8.676000118,,1
1738540690.145,,8.683000088,,1
1738540690.152,,8.690000057,,1
1738540690.159,,8.697000027,,1
1738540690.166,,8.703999996,,1
1738540690.172,,8.710000038,,1
1738540690.180,,8.718000174,,1
1738540690.186,,8.724000216,,1
1738540690.194,,8.732000113,,1
1738540690.201,,8.739000082,,1
1738540690.207,,8.745000124,,1
1738540690.215,,8.753000021,,1
1738540690.222,,8.75999999,,1
1738540690.229,,8.767000198,,1
1738540690.236,,8.774000168,,1
1738540690.243,,8.781000137,,1
1738540690.249,,8.787000179,,1
1738540690.256,,8.794000149,,1
1738540690.263,,8.801000118,,1
1738540690.270,,8.808000088,,1
1738540690.277,,8.815000057,,1
1738540690.285,,8.823000193,,1
1738540690.292,,8.830000162,,1
1738540690.298,,8.836000204,,1
1738540690.305,,8.843000174,,1
1738540690.312,,8.850000143,,1
1738540690.319,,8.857000113,,1
1738540690.326,,8.864000082,,1
1738540690.332,,8.870000124,,1
1738540690.340,,8.878000021,,1
1738540690.347,,8.88499999,,1
1738540690.354,,8.892000198,,1
1738540690.361,,8.899000168,,1
1738540690.368,,8.906000137,,1
1738540690.375,,8.913000107,,1
1738540690.382,,8.920000076,,1
1738540690.388,,8.926000118,,1
1738540690.396,,8.934000015,,1
1738540690.403,,8.941000223,,1
1738540690.409,,8.947000027,,1
1738540690.417,,8.955000162,,1
1738540690.423,,8.961000204,,1
1738540690.430,,8.968000174,,1
1738540690.437,,8.975000143,,1
1738540690.444,,8.982000113,,1
1738540690.451,,8.989000082,,1
1738540690.458,,8.996000051,,1
1738540690.465,,9.003000021,,1
1738540690.472,,9.00999999,,1
1738540690.479,,9.017000198,,1
1738540690.486,,9.024000168,,1
1738540690.493,,9.031000137,,1
1738540690.500,,9.038000107,,1
1738540690.507,,9.045000076,,1
1738540690.514,,9.052000046,,1
1738540690.521,,9.059000015,,1
1738540690.527,,9.065000057,,1
1738540690.535,,9.073000193,,1
1738540690.542,,9.080000162,,1
1738540690.549,,9.087000132,,1
1738540690.556,,9.094000101,,1
1738540690.562,,9.100000143,,1
1738540690.569,,9.107000113,,1
1738540690.576,,9.114000082,,1
1738540690.583,,9.121000051,,1
1738540690.590,,9.128000021,,1
1738540690.597,,9.13499999,,1
1738540690.603,,9.141000032,,1
1738540690.611,,9.149000168,,1
1738540690.618,,9.156000137,,1
1738540690.625,,9.163000107,,1
1738540690.632,,9.170000076,,1
1738540690.639,,9.177000046,,1
1738540690.646,,9.184000015,,1
1738540690.654,,9.192000151,,1
1738540690.660,,9.198000193,,1
1738540690.667,,9.205000162,,1
1738540690.674,,9.212000132,,1
1738540690.681,,9.219000101,,1
1738540690.688,,9.226000071,,1
1738540690.695,,9.23300004,,1
1738540690.701,,9.239000082,,1
1738540690.708,,9.246000051,,1
1738540690.715,,9.253000021,,1
1738540690.722,,9.25999999,,1
1738540690.729,,9.267000198,,1
1738540690.736,,9.274000168,,1
1738540690.743,,9.281000137,,1
1738540690.750,,9.288000107,,1
1738540690.757,,9.295000076,,1
1738540690.764,,9.302000046,,1
1738540690.771,,9.309000015,,1
1738540690.778,,9.316000223,,1
1738540690.785,,9.323000193,,1
1738540690.792,,9.330000162,,1
1738540690.798,,9.336000204,,1
1738540690.805,,9.343000174,,1
1738540690.815,,9.353000164,,1
1738540690.822,,9.360000134,,1
1738540690.827,,9.36500001,,1
1738540690.834,,9.372000217,,1
1738540690.841,,9.379000187,,1
1738540690.848,,9.386000156,,1
1738540690.855,,9.393000126,,1
1738540690.862,,9.400000095,,1
1738540690.869,,9.407000065,,1
1738540690.875,,9.413000107,,1
1738540690.882,,9.420000076,,1
1738540690.889,,9.427000046,,1
1738540690.896,,9.434000015,,1
1738540690.903,,9.441000223,,1
1738540690.910,,9.448000193,,1
1738540690.917,,9.455000162,,1
1738540690.924,,9.462000132,,1
1738540690.931,,9.469000101,,1
1738540690.938,,9.476000071,,1
1738540690.945,,9.48300004,,1
1738540690.952,,9.49000001,,1
1738540690.958,,9.496000051,,1
1738540690.966,,9.504000187,,1
1738540690.973,,9.511000156,,1
1738540690.979,,9.517000198,,1
1738540690.987,,9.525000095,,1
1738540690.994,,9.532000065,,1
1738540691.000,,9.538000107,,1
1738540691.007,,9.545000076,,1
1738540691.014,,9.552000046,,1
1738540691.021,,9.559000015,,1
1738540691.028,,9.566000223,,1
1738540691.035,,9.573000193,,1
1738540691.042,,9.580000162,,1
1738540691.048,,9.586000204,,1
1738540691.056,,9.594000101,,1
1738540691.062,,9.600000143,,1
1738540691.069,,9.607000113,,1
1738540691.077,,9.61500001,,1
1738540691.084,,9.622000217,,1
1738540691.091,,9.629000187,,1
1738540691.098,,9.636000156,,1
1738540691.105,,9.643000126,,1
1738540691.112,,9.650000095,,1
1738540691.118,,9.656000137,,1
1738540691.126,,9.664000034,,1
1738540691.133,,9.671000004,,1
1738540691.139,,9.677000046,,1
1738540691.147,,9.685000181,,1
1738540691.154,,9.692000151,,1
1738540691.161,,9.69900012,,1
1738540691.168,,9.70600009,,1
1738540691.174,,9.712000132,,1
1738540691.181,,9.719000101,,1
1738540691.188,,9.726000071,,1
1738540691.195,,9.73300004,,1
1738540691.202,,9.74000001,,1
1738540691.209,,9.747000217,,1
1738540691.216,,9.754000187,,1
1738540691.222,,9.75999999,,1
1738540691.230,,9.768000126,,1
1738540691.236,,9.774000168,,1
1738540691.244,,9.782000065,,1
1738540691.251,,9.789000034,,1
1738540691.257,,9.795000076,,1
1738540691.265,,9.803000212,,1
1738540691.271,,9.809000015,,1
1738540691.279,,9.817000151,,1
1738540691.286,,9.82400012,,1
1738540691.293,,9.83100009,,1
1738540691.299,,9.837000132,,1
1738540691.306,,9.844000101,,1
1738540691.313,,9.851000071,,1
1738540691.320,,9.85800004,,1
1738540691.328,,9.866000175,,1
1738540691.334,,9.872000217,,1
1738540691.341,,9.879000187,,1
1738540691.348,,9.886000156,,1
1738540691.355,,9.893000126,,1
1738540691.362,,9.900000095,,1
1738540691.369,,9.907000065,,1
1738540691.376,,9.914000034,,1
1738540691.383,,9.921000004,,1
1738540691.390,,9.928000212,,1
1738540691.397,,9.935000181,,1
1738540691.404,,9.942000151,,1
1738540691.411,,9.94900012,,1
1738540691.417,,9.955000162,,1
1738540691.425,,9.963000059,,1
1738540691.432,,9.970000029,,1
1738540691.439,,9.976999998,,0.988235
1738540691.446,,9.984000206,,0.988235
1738540691.453,,9.991000175,,0.972549
1738540691.460,,9.998000145,,0.956863
1738540691.466,,10.00400019,,0.956863
1738540691.472,,10.00999999,,0.945098
1738540691.480,,10.01800013,,0.921569
1738540691.487,,10.0250001,,0.921569
1738540691.494,,10.03200006,,0.886275
1738540691.500,,10.03800011,,0.847059
1738540691.507,,10.04500008,,0.819608
1738540691.515,,10.05300021,,0.819608
1738540691.522,,10.06000018,,0.776471
1738540691.529,,10.06700015,,0.733333
1738540691.536,,10.07400012,,0.733333
1738540691.543,,10.08100009,,0.686275
1738540691.550,,10.08800006,,0.647059
1738540691.557,,10.09500003,,0.647059
1738540691.564,,10.102,,0.607843
1738540691.571,,10.10900021,,0.584314
1738540691.578,,10.11600018,,0.560784
1738540691.584,,10.12200022,,0.560784
1738540691.591,,10.12900019,,0.533333
1738540691.599,,10.13700008,,0.505882
1738540691.606,,10.14400005,,0.505882
1738540691.613,,10.15100002,,0.47451
1738540691.619,,10.15700006,,0.431373
1738540691.626,,10.16400003,,0.431373
1738540691.633,,10.171,,0.388235
1738540691.640,,10.17800021,,0.352941
1738540691.647,,10.18500018,,0.352941
1738540691.654,,10.19200015,,0.32549
1738540691.661,,10.19900012,,0.317647
1738540691.668,,10.20600009,,0.305882
1738540691.675,,10.21300006,,0.305882
1738540691.682,,10.22000003,,0.294118
1738540691.688,,10.22600007,,0.294118
1738540691.696,,10.23400021,,0.294118
1738540691.702,,10.24000001,,0.270588
1738540691.710,,10.24800014,,0.25098
1738540691.717,,10.25500011,,0.25098
1738540691.724,,10.26200008,,0.231373
1738540691.731,,10.26900005,,0.207843
1738540691.738,,10.27600002,,0.188235
1738540691.744,,10.28200006,,0.188235
1738540691.751,,10.28900003,,0.172549
1738540691.758,,10.296,,0.156863
1738540691.765,,10.30300021,,0.156863
1738540691.772,,10.31000018,,0.141176
1738540691.779,,10.31700015,,0.121569
1738540691.786,,10.32400012,,0.121569
1738540691.793,,10.33100009,,0.101961
1738540691.800,,10.33800006,,0.07451
1738540691.806,,10.3440001,,0.07451
1738540691.815,,10.35300016,,0.043137
1738540691.823,,10.36100006,,0
1738540691.828,,10.36600018,,0
1738540691.835,,10.37300014,,1
1738540691.842,,10.38000011,,0
1738540691.849,,10.38700008,,0
1738540691.856,,10.39400005,,0
1738540691.862,,10.4000001,,0
1738540691.869,,10.40700006,,0
1738540691.876,,10.41400003,,0
1738540691.883,,10.421,,0
1738540691.890,,10.42800021,,0
1738540691.897,,10.43500018,,0
1738540691.905,,10.44300008,,0
1738540691.911,,10.44900012,,0
1738540691.918,,10.45600009,,0
1738540691.925,,10.46300006,,0
1738540691.932,,10.47000003,,0
1738540691.939,,10.477,,0
1738540691.946,,10.48400021,,0
1738540691.953,,10.49100018,,0
1738540691.960,,10.49800014,,0
1738540691.967,,10.50500011,,0
1738540691.974,,10.51200008,,0
1738540691.981,,10.51900005,,0
1738540691.988,,10.52600002,,0
1738540691.994,,10.53200006,,0
1738540692.001,,10.53900003,,0
1738540692.008,,10.546,,0
1738540692.016,,10.55400014,,0
1738540692.023,,10.56100011,,0
1738540692.029,,10.56700015,,0
1738540692.037,,10.57500005,,0
1738540692.043,,10.58100009,,0
1738540692.050,,10.58800006,,0
1738540692.057,,10.59500003,,0
1738540692.064,,10.602,,0
1738540692.071,,10.60900021,,0
1738540692.078,,10.61600018,,0
1738540692.085,,10.62300014,,0
1738540692.094,,10.63200021,,0
1738540692.099,,10.63700008,,0
1738540692.106,,10.64400005,,0
1738540692.112,,10.6500001,,0
1738540692.120,,10.65799999,,0
1738540692.127,,10.6650002,,0
1738540692.134,,10.67200017,,0
1738540692.141,,10.67900014,,0
1738540692.148,,10.68600011,,0
1738540692.155,,10.69300008,,0
1738540692.162,,10.70000005,,0
1738540692.169,,10.70700002,,0
1738540692.176,,10.71400023,,0
1738540692.183,,10.72100019,,0
1738540692.189,,10.727,,0
1738540692.196,,10.73400021,,0
1738540692.203,,10.74100018,,0
1738540692.210,,10.74800014,,0
1738540692.217,,10.75500011,,0
1738540692.224,,10.76200008,,0
1738540692.231,,10.76900005,,0
1738540692.238,,10.77600002,,0
1738540692.245,,10.78299999,,0
1738540692.252,,10.7900002,,0
1738540692.259,,10.79700017,,0
1738540692.266,,10.80400014,,0
1738540692.272,,10.81000018,,0
1738540692.280,,10.81800008,,0
1738540692.287,,10.82500005,,0
1738540692.294,,10.83200002,,0
1738540692.301,,10.83900023,,0
1738540692.308,,10.84600019,,0
1738540692.314,,10.852,,0
1738540692.322,,10.86000013,,0
1738540692.328,,10.86600018,,0
1738540692.335,,10.87300014,,0
1738540692.342,,10.88000011,,0
1738540692.349,,10.88700008,,0
1738540692.356,,10.89400005,,0
1738540692.363,,10.90100002,,0
1738540692.370,,10.90799999,,0
1738540692.377,,10.9150002,,0
1738540692.384,,10.92200017,,0
1738540692.391,,10.92900014,,0
1738540692.398,,10.93600011,,0
1738540692.405,,10.94300008,,0
1738540692.412,,10.95000005,,0
1738540692.418,,10.95600009,,0
1738540692.426,,10.96400023,,0
1738540692.433,,10.97100019,,0
1738540692.440,,10.97800016,,0
1738540692.447,,10.98500013,,0
1738540692.454,,10.9920001,,0
1738540692.460,,10.99800014,,0
1738540692.468,,11.00600004,,0
1738540692.475,,11.01300001,,0
1738540692.481,,11.01900005,,0
1738540692.488,,11.02600002,,0
1738540692.495,,11.03299999,,0
1738540692.502,,11.0400002,,0
1738540692.510,,11.0480001,,0
1738540692.516,,11.05400014,,0
1738540692.523,,11.06100011,,0
1738540692.530,,11.06800008,,0
1738540692.537,,11.07500005,,0
1738540692.544,,11.08200002,,0
1738540692.551,,11.08900023,,0
1738540692.558,,11.09600019,,0
1738540692.565,,11.10300016,,0
1738540692.572,,11.11000013,,0
1738540692.579,,11.1170001,,0
1738540692.585,,11.12300014,,0
1738540692.592,,11.13000011,,0
1738540692.600,,11.13800001,,0
1738540692.607,,11.14500022,,0
1738540692.614,,11.15200019,,0
1738540692.621,,11.15900016,,0
1738540692.628,,11.16600013,,0
1738540692.635,,11.1730001,,0
1738540692.642,,11.18000007,,0
